{
    "$schema": "https://schema.management.azure.com/schemas/2015-01-01/deploymentParameters.json#",
    "contentVersion": "1.0.0.0",
    "parameters": {
        "servers_webapp_mysqldbserver_03ab04c0_59805_createMode": {
            "value": null
        },
        "databaseAccounts_sachtonystore_name": {
            "value": null
        },
        "certificates_Automation_sachtony_base64Value": {
            "value": null
        },
        "certificates_AzureClassicRunAsCertificate_base64Value": {
            "value": null
        },
        "certificates_AzureRunAsCertificate_base64Value": {
            "value": null
        },
        "certificates_IoT_Sachtony_base64Value": {
            "value": null
        },
        "certificates_sachtony_Domain_base64Value": {
            "value": null
        },
        "certificates_Sachtony_compnany_domain_base64Value": {
            "value": null
        },
        "profiles_CDN_name": {
            "value": null
        },
        "servers_sach_name": {
            "value": null
        },
        "sites_WooSachtony_name": {
            "value": null
        },
        "sites_DynamicSachtony_name": {
            "value": null
        },
        "dnszones_golida.com_name": {
            "value": null
        },
        "dnszones_movexe.com_name": {
            "value": null
        },
        "components_Sachtony_name": {
            "value": null
        },
        "dnszones_sachtony.vn_name": {
            "value": null
        },
        "dnszones_stcnews.biz_name": {
            "value": null
        },
        "storageAccounts_azsbs_name": {
            "value": null
        },
        "databases_Sach_name": {
            "value": null
        },
        "dnszones_sachtony.com.vn_name": {
            "value": null
        },
        "dnszones_vietnamstar.org_name": {
            "value": null
        },
        "NS_@_name": {
            "value": null
        },
        "NS_@_name_1": {
            "value": null
        },
        "config_web_name": {
            "value": null
        },
        "endpoints_CdnIfo_name": {
            "value": null
        },
        "SOA_@_name": {
            "value": null
        },
        "TXT_@_name": {
            "value": null
        },
        "SOA_@_name_1": {
            "value": null
        },
        "TXT_@_name_1": {
            "value": null
        },
        "NS_@_name_2": {
            "value": null
        },
        "MX_@_name": {
            "value": null
        },
        "NS_@_name_3": {
            "value": null
        },
        "SOA_@_name_2": {
            "value": null
        },
        "SOA_@_name_3": {
            "value": null
        },
        "TXT_@_name_2": {
            "value": null
        },
        "serverfarms_ServicePlanDynamics_name": {
            "value": null
        },
        "advisors_DropIndex_name": {
            "value": null
        },
        "A_@_name": {
            "value": null
        },
        "keys_ServiceManaged_name": {
            "value": null
        },
        "config_web_name_1": {
            "value": null
        },
        "NS_@_name_4": {
            "value": null
        },
        "MX_@_name_1": {
            "value": null
        },
        "NS_@_name_5": {
            "value": null
        },
        "advisors_CreateIndex_name": {
            "value": null
        },
        "automationAccounts_Sachtony_name": {
            "value": null
        },
        "endpoints_cdnDynamics_name": {
            "value": null
        },
        "SOA_@_name_4": {
            "value": null
        },
        "SOA_@_name_5": {
            "value": null
        },
        "TXT_@_name_3": {
            "value": null
        },
        "serverfarms_ServicePlan38675b13_8637_name": {
            "value": null
        },
        "databaseAccounts_sachtonystore_name_1": {
            "value": null
        },
        "SRV__sip_name": {
            "value": null
        },
        "advisors_DefragmentIndex_name": {
            "value": null
        },
        "auditingPolicies_Default_name": {
            "value": null
        },
        "domains_vietnamstar.org_name": {
            "value": null
        },
        "CNAME_sip_name": {
            "value": null
        },
        "CNAME_www_name": {
            "value": null
        },
        "advisors_ForceLastGoodPlan_name": {
            "value": null
        },
        "advisors_DbParameterization_name": {
            "value": null
        },
        "encryptionProtector_current_name": {
            "value": null
        },
        "CNAME_autodiscover_name": {
            "value": null
        },
        "alertrules_Failure_Anomalies___Sachtony_name": {
            "value": null
        },
        "storageAccounts_cs203ab04c06ec0x4025xb06_name": {
            "value": null
        },
        "advisors_DropIndex_name_1": {
            "value": null
        },
        "CNAME_autodiscover_name_1": {
            "value": null
        },
        "CNAME_lyncdiscover_name": {
            "value": null
        },
        "modules_Azure_name": {
            "value": null
        },
        "advisors_CreateIndex_name_1": {
            "value": null
        },
        "syncGroups_dantrisoft_name": {
            "value": null
        },
        "servers_webapp_mysqldbserver_03ab04c0_59805_name": {
            "value": null
        },
        "SRV__sipfederationtls_name": {
            "value": null
        },
        "firewallRules_AllowAllWindowsAzureIps_name": {
            "value": null
        },
        "advisors_DefragmentIndex_name_1": {
            "value": null
        },
        "auditingPolicies_Default_name_1": {
            "value": null
        },
        "geoBackupPolicies_Default_name": {
            "value": null
        },
        "modules_AzureRM.Sql_name": {
            "value": null
        },
        "runbooks_PowerShell_name": {
            "value": null
        },
        "auditingPolicies_Default_name_2": {
            "value": null
        },
        "databases_master_name": {
            "value": null
        },
        "advisors_ForceLastGoodPlan_name_1": {
            "value": null
        },
        "hostNameBindings_vietnamstar.org_name": {
            "value": null
        },
        "CNAME_enterpriseenrollment_name": {
            "value": null
        },
        "geoBackupPolicies_Default_name_1": {
            "value": null
        },
        "advisors_DbParameterization_name_1": {
            "value": null
        },
        "connectionTypes_Azure_name": {
            "value": null
        },
        "modules_Azure.Storage_name": {
            "value": null
        },
        "runbooks_Connect_Azure_name": {
            "value": null
        },
        "CNAME_enterpriseregistration_name": {
            "value": null
        },
        "modules_AzureRM.Compute_name": {
            "value": null
        },
        "modules_AzureRM.Profile_name": {
            "value": null
        },
        "modules_AzureRM.Storage_name": {
            "value": null
        },
        "hostNameBindings_www.vietnamstar.org_name": {
            "value": null
        },
        "firewallRules_ClientIPAddress_2018_6_9_7_19_19_name": {
            "value": null
        },
        "certificates_IoT_Sachtony_name": {
            "value": null
        },
        "modules_AzureRM.Resources_name": {
            "value": null
        },
        "customdomains_cdn_sachtony_com_name": {
            "value": null
        },
        "modules_AzureRM.Automation_name": {
            "value": null
        },
        "customdomains_cdn_sachtony_info_name": {
            "value": null
        },
        "transparentDataEncryption_current_name": {
            "value": null
        },
        "certificates_sachtony_Domain_name": {
            "value": null
        },
        "transparentDataEncryption_current_name_1": {
            "value": null
        },
        "databases_sys_name": {
            "value": null
        },
        "hostNameBindings_woosachtony.azurewebsites.net_name": {
            "value": null
        },
        "databases_mysql_name": {
            "value": null
        },
        "certificates_Automation_sachtony_name": {
            "value": null
        },
        "connections_AzureRunAsConnection_name": {
            "value": null
        },
        "runbooks_AzureAutomationTutorial_name": {
            "value": null
        },
        "modules_Microsoft.PowerShell.Core_name": {
            "value": null
        },
        "customdomains_cdnweb_sachtony_com_name": {
            "value": null
        },
        "certificates_AzureRunAsCertificate_name": {
            "value": null
        },
        "modules_Microsoft.WSMan.Management_name": {
            "value": null
        },
        "modules_Microsoft.PowerShell.Utility_name": {
            "value": null
        },
        "certificates_Sachtony_compnany_domain_name": {
            "value": null
        },
        "connectionTypes_AzureServicePrincipal_name": {
            "value": null
        },
        "modules_Microsoft.PowerShell.Security_name": {
            "value": null
        },
        "hostNameBindings_dynamicsachtony.azurewebsites.net_name": {
            "value": null
        },
        "runbooks_AzureAutomationTutorialScript_name": {
            "value": null
        },
        "firewallRules_AllowAll_name": {
            "value": null
        },
        "connections_AzureClassicRunAsConnection_name": {
            "value": null
        },
        "connectionTypes_AzureClassicCertificate_name": {
            "value": null
        },
        "modules_Microsoft.PowerShell.Management_name": {
            "value": null
        },
        "runbooks_AzureAutomationTutorialPython2_name": {
            "value": null
        },
        "runbooks_AzureClassicAutomationTutorial_name": {
            "value": null
        },
        "configurations_sql_mode_name": {
            "value": null
        },
        "deployments_6206a629eea717c4e689cf202c97b9062faf5e08_name": {
            "value": null
        },
        "modules_Microsoft.PowerShell.Diagnostics_name": {
            "value": null
        },
        "configurations_server_id_name": {
            "value": null
        },
        "configurations_time_zone_name": {
            "value": null
        },
        "certificates_AzureClassicRunAsCertificate_name": {
            "value": null
        },
        "jobs_8e2092ef_5f1b_4886_ac2a_41ee8b7a9eef_name": {
            "value": null
        },
        "jobs_8edd2c03_2f93_4005_95c7_ba0144115df8_name": {
            "value": null
        },
        "runbooks_Set_WebAppSSLBindingFromKeyVault_name": {
            "value": null
        },
        "origins_dynamicsachtony_azurewebsites_net_name": {
            "value": null
        },
        "runbooks_Get_SSLCertificateAndAddToKeyvault_name": {
            "value": null
        },
        "configurations_wait_timeout_name": {
            "value": null
        },
        "configurations_init_connect_name": {
            "value": null
        },
        "configurations_tx_isolation_name": {
            "value": null
        },
        "modules_Orchestrator.AssetManagement.Cmdlets_name": {
            "value": null
        },
        "databases_information_schema_name": {
            "value": null
        },
        "databases_mysqldatabase59805_name": {
            "value": null
        },
        "databases_performance_schema_name": {
            "value": null
        },
        "runbooks_AzureClassicAutomationTutorialScript_name": {
            "value": null
        },
        "configurations_slow_query_log_name": {
            "value": null
        },
        "configurations_event_scheduler_name": {
            "value": null
        },
        "configurations_long_query_time_name": {
            "value": null
        },
        "configurations_net_read_timeout_name": {
            "value": null
        },
        "configurations_join_buffer_size_name": {
            "value": null
        },
        "configurations_table_open_cache_name": {
            "value": null
        },
        "configurations_net_write_timeout_name": {
            "value": null
        },
        "configurations_slave_net_timeout_name": {
            "value": null
        },
        "origins_cs203ab04c06ec0x4025xb06_blob_core_windows_net_name": {
            "value": null
        },
        "configurations_max_allowed_packet_name": {
            "value": null
        },
        "configurations_innodb_io_capacity_name": {
            "value": null
        },
        "configurations_max_connect_errors_name": {
            "value": null
        },
        "configurations_innodb_file_format_name": {
            "value": null
        },
        "configurations_interactive_timeout_name": {
            "value": null
        },
        "configurations_group_concat_max_len_name": {
            "value": null
        },
        "configurations_character_set_server_name": {
            "value": null
        },
        "configurations_innodb_page_cleaners_name": {
            "value": null
        },
        "configurations_innodb_file_per_table_name": {
            "value": null
        },
        "configurations_innodb_old_blocks_pct_name": {
            "value": null
        },
        "configurations_min_examined_row_limit_name": {
            "value": null
        },
        "configurations_lower_case_table_names_name": {
            "value": null
        },
        "configurations_innodb_read_io_threads_name": {
            "value": null
        },
        "configurations_innodb_old_blocks_time_name": {
            "value": null
        },
        "configurations_div_precision_increment_name": {
            "value": null
        },
        "configurations_innodb_write_io_threads_name": {
            "value": null
        },
        "configurations_innodb_lock_wait_timeout_name": {
            "value": null
        },
        "configurations_max_length_for_sort_data_name": {
            "value": null
        },
        "configurations_log_slow_admin_statements_name": {
            "value": null
        },
        "configurations_log_slow_slave_statements_name": {
            "value": null
        },
        "configurations_slave_compressed_protocol_name": {
            "value": null
        },
        "configurations_innodb_thread_concurrency_name": {
            "value": null
        },
        "configurations_eq_range_index_dive_limit_name": {
            "value": null
        },
        "configurations_innodb_thread_sleep_delay_name": {
            "value": null
        },
        "configurations_innodb_adaptive_hash_index_name": {
            "value": null
        },
        "configurations_innodb_read_ahead_threshold_name": {
            "value": null
        },
        "configurations_log_queries_not_using_indexes_name": {
            "value": null
        },
        "configurations_binlog_group_commit_sync_delay_name": {
            "value": null
        },
        "configurations_log_bin_trust_function_creators_name": {
            "value": null
        },
        "configurations_innodb_online_alter_log_max_size_name": {
            "value": null
        },
        "configurations_log_throttle_queries_not_using_indexes_name": {
            "value": null
        },
        "configurations_binlog_group_commit_sync_no_delay_count_name": {
            "value": null
        }
    }
}